"png","svg","corrections","status"
"aftakkingen rond D80-82/AP.png","aftakkingen rond D80-82/AP.svg","0","redrawn"
"aftakkingen rond D80-82/APA.png","aftakkingen rond D80-82/APA.svg","0","redrawn"
"aftakkingen rond D80-82/PSA.png","aftakkingen rond D80-82/PSA.svg","0","redrawn"
"airkan compensators/SL.png","airkan compensators/SL.svg","0","redrawn"
"airkan compensators/SM.png","airkan compensators/SM.svg","0","redrawn"
"airkan compensators/SS.png","airkan compensators/SS.svg","0","redrawn"
"airkan flenzen/F.png","airkan flenzen/F.svg","0","redrawn"
"airkan rechthoekig-aftakkingen-soepel verbindingen-premontage/P.45.png","airkan rechthoekig-aftakkingen-soepel verbindingen-premontage/P.45.svg","0","redrawn"
"airkan rechthoekig-aftakkingen-soepel verbindingen-premontage/P.BI.png","airkan rechthoekig-aftakkingen-soepel verbindingen-premontage/P.BI.svg","0","redrawn"
"airkan rechthoekig-aftakkingen-soepel verbindingen-premontage/P.png","airkan rechthoekig-aftakkingen-soepel verbindingen-premontage/P.svg","0","redrawn"
"airkan rechthoekig-aftakkingen-soepel verbindingen-premontage/Pre-montage.png","airkan rechthoekig-aftakkingen-soepel verbindingen-premontage/Pre-montage.svg","0","redrawn"
"airkan rechthoekig-aftakkingen-soepel verbindingen-premontage/Pre-montage_2.png","airkan rechthoekig-aftakkingen-soepel verbindingen-premontage/Pre-montage_2.svg","0","redrawn"
"airkan rechthoekig-aftakkingen-soepel verbindingen-premontage/Pre-montage_3.png","airkan rechthoekig-aftakkingen-soepel verbindingen-premontage/Pre-montage_3.svg","0","redrawn"
"airkan rechthoekig-aftakkingen-soepel verbindingen-premontage/Pre-montage_4.png","airkan rechthoekig-aftakkingen-soepel verbindingen-premontage/Pre-montage_4.svg","0","redrawn"
"airkan rechthoekig-aftakkingen-soepel verbindingen-premontage/SL.A20.png","airkan rechthoekig-aftakkingen-soepel verbindingen-premontage/SL.A20.svg","0","redrawn"
"airkan rechthoekig-aftakkingen-soepel verbindingen-premontage/SL.A40.png","airkan rechthoekig-aftakkingen-soepel verbindingen-premontage/SL.A40.svg","0","redrawn"
"airkan rechthoekig-aftakkingen-soepel verbindingen-premontage/SL.E20.png","airkan rechthoekig-aftakkingen-soepel verbindingen-premontage/SL.E20.svg","0","redrawn"
"airkan rechthoekig-aftakkingen-soepel verbindingen-premontage/SL.png","airkan rechthoekig-aftakkingen-soepel verbindingen-premontage/SL.svg","0","redrawn"
"airkan rechthoekige kanalen/Airturns.png","airkan rechthoekige kanalen/Airturns.svg","0","redrawn"
"airkan rechthoekige kanalen/B-B.png","airkan rechthoekige kanalen/B-B.svg","0","redrawn"
"airkan rechthoekige kanalen/B-G.png","airkan rechthoekige kanalen/B-G.svg","0","redrawn"
"airkan rechthoekige kanalen/B90.png","airkan rechthoekige kanalen/B90.svg","0","redrawn"
"airkan rechthoekige kanalen/BTR.png","airkan rechthoekige kanalen/BTR.svg","0","redrawn"
"airkan rechthoekige kanalen/BTR_2.png","airkan rechthoekige kanalen/BTR_2.svg","0","redrawn"
"airkan rechthoekige kanalen/BU.png","airkan rechthoekige kanalen/BU.svg","0","redrawn"
"airkan rechthoekige kanalen/G-VER.png","airkan rechthoekige kanalen/G-VER.svg","0","redrawn"
"airkan rechthoekige kanalen/K.png","airkan rechthoekige kanalen/K.svg","0","redrawn"
"airkan rechthoekige kanalen/R.png","airkan rechthoekige kanalen/R.svg","0","redrawn"
"airkan rechthoekige kanalen/R1.png","airkan rechthoekige kanalen/R1.svg","0","redrawn"
"airkan rechthoekige kanalen/R2.png","airkan rechthoekige kanalen/R2.svg","0","redrawn"
"airkan rechthoekige kanalen/RC.png","airkan rechthoekige kanalen/RC.svg","0","redrawn"
"airkan rechthoekige kanalen/RC1.png","airkan rechthoekige kanalen/RC1.svg","0","redrawn"
"airkan rechthoekige kanalen/RC2.png","airkan rechthoekige kanalen/RC2.svg","0","redrawn"
"airkan rechthoekige kanalen/S4.png","airkan rechthoekige kanalen/S4.svg","0","redrawn"
"airkan rechthoekige kanalen/S4_2.png","airkan rechthoekige kanalen/S4_2.svg","0","redrawn"
"airkan rechthoekige kanalen/Speciale bochten.png","airkan rechthoekige kanalen/Speciale bochten.svg","0","redrawn"
"airkan rechthoekige kanalen/T.png","airkan rechthoekige kanalen/T.svg","0","redrawn"
"airkan rechthoekige kanalen/T_2.png","airkan rechthoekige kanalen/T_2.svg","0","redrawn"
"airkan rechthoekige kanalen/T_3.png","airkan rechthoekige kanalen/T_3.svg","0","redrawn"
"airkan rechthoekige kanalen/Transfo.png","airkan rechthoekige kanalen/Transfo.svg","0","redrawn"
"airkan rechthoekige kanalen/Uitvoering in Nederland conform LUKA kwaliteit.png","airkan rechthoekige kanalen/Uitvoering in Nederland conform LUKA kwaliteit.svg","0","redrawn"
"airkan rechthoekige kanalen/Uitvoering_ hoge druk.png","airkan rechthoekige kanalen/Uitvoering_ hoge druk.svg","0","redrawn"
"airkan rechthoekige kanalen/VER.png","airkan rechthoekige kanalen/VER.svg","0","redrawn"
"airkan rechthoekige kanalen/VR.png","airkan rechthoekige kanalen/VR.svg","0","redrawn"
"airkan rechthoekige kanalen/VR_2.png","airkan rechthoekige kanalen/VR_2.svg","0","redrawn"
"airkan rechthoekige kanalen/VRA.png","airkan rechthoekige kanalen/VRA.svg","0","redrawn"
"airkan register dampers/airkan register dampers.png","airkan register dampers/airkan register dampers.svg","0","redrawn"
"Airkan roosters/GE60.png","Airkan roosters/GE60.svg","0","redrawn"
"Airkan roosters/GE60K.png","Airkan roosters/GE60K.svg","0","redrawn"
"Airkan roosters/GE60XL.png","Airkan roosters/GE60XL.svg","0","redrawn"
"airkan round spiral tubes/S.png","airkan round spiral tubes/S.svg","0","redrawn"
"airkan round spiral tubes/SC2.png","airkan round spiral tubes/SC2.svg","0","redrawn"
"airkan segmentbochten/B15X.png","airkan segmentbochten/B15X.svg","0","redrawn"
"airkan segmentbochten/B3X.png","airkan segmentbochten/B3X.svg","0","redrawn"
"airkan segmentbochten/B6X.png","airkan segmentbochten/B6X.svg","0","redrawn"
"airkan segmentbochten/BS4X.png","airkan segmentbochten/BS4X.svg","0","redrawn"
"airkan segmentbochten/BS9X.png","airkan segmentbochten/BS9X.svg","0","redrawn"
"airkan verbindingen buizen/V.png","airkan verbindingen buizen/V.svg","0","redrawn"
"airkan verbindingen buizen/VF.png","airkan verbindingen buizen/VF.svg","0","redrawn"
"airkan verbindingen buizen/VL.png","airkan verbindingen buizen/VL.svg","0","redrawn"
"airkan verbindingen buizen/VLB.png","airkan verbindingen buizen/VLB.svg","0","redrawn"
"airkan verbindingen buizen/VT.png","airkan verbindingen buizen/VT.svg","0","redrawn"
"Aitkan rond deksels en condens/D.png","Aitkan rond deksels en condens/D.svg","0","redrawn"
"Aitkan rond deksels en condens/DF.png","Aitkan rond deksels en condens/DF.svg","0","redrawn"
"Aitkan rond deksels en condens/DFG.png","Aitkan rond deksels en condens/DFG.svg","0","redrawn"
"Aitkan rond deksels en condens/DG.png","Aitkan rond deksels en condens/DG.svg","0","redrawn"
"dakdoorvoeren/DD.png","dakdoorvoeren/DD.svg","0","redrawn"
"dakdoorvoeren/DD15.png","dakdoorvoeren/DD15.svg","0","redrawn"
"dakdoorvoeren/DD30.png","dakdoorvoeren/DD30.svg","0","redrawn"
"dakdoorvoeren/DD45.png","dakdoorvoeren/DD45.svg","0","redrawn"
"dakdoorvoeren/DD60.png","dakdoorvoeren/DD60.svg","0","redrawn"
"dakdoorvoeren/K.png","dakdoorvoeren/K.svg","0","redrawn"
"dakdoorvoeren/KRS.png","dakdoorvoeren/KRS.svg","3","redrawn"
"dakdoorvoeren/KSL.png","dakdoorvoeren/KSL.svg","0","redrawn"
"dakdoorvoeren/KT.png","dakdoorvoeren/KT.svg","0","redrawn"
"rechthoekige aftakkingen op rond/PR - PRA.png","rechthoekige aftakkingen op rond/PR - PRA.svg","0","redrawn"
"rechthoekige aftakkingen op rond/PR.png","rechthoekige aftakkingen op rond/PR.svg","0","redrawn"
"rechthoekige aftakkingen op rond/PRA.png","rechthoekige aftakkingen op rond/PRA.svg","0","redrawn"
"Toebehoren airkan/A20 - H20 - SR - CL30 - CM - IS25.png","Toebehoren airkan/A20 - H20 - SR - CL30 - CM - IS25.svg","0","redrawn"
"Toebehoren airkan/A20 - H20 - SR - CL30 - CM - IS25_2.png","Toebehoren airkan/A20 - H20 - SR - CL30 - CM - IS25_2.svg","0","redrawn"
"Toebehoren airkan/A20 - H20 - SR - CL30 - CM - IS25_3.png","Toebehoren airkan/A20 - H20 - SR - CL30 - CM - IS25_3.svg","0","redrawn"
"Toebehoren airkan/A20 - H20 - SR - CL30 - CM - IS25_4.png","Toebehoren airkan/A20 - H20 - SR - CL30 - CM - IS25_4.svg","0","redrawn"
"Toebehoren airkan/A20 - H20 - SR - CL30 - CM - IS25_5.png","Toebehoren airkan/A20 - H20 - SR - CL30 - CM - IS25_5.svg","0","redrawn"
"Toebehoren airkan/A20.png","Toebehoren airkan/A20.svg","0","redrawn"
"Toebehoren airkan/A30 - H30 - SR - CL30 - CM - IS25.png","Toebehoren airkan/A30 - H30 - SR - CL30 - CM - IS25.svg","0","redrawn"
"Toebehoren airkan/A30.png","Toebehoren airkan/A30.svg","0","redrawn"
"Toebehoren airkan/A40 - H40 - SR40 - CL40 - CM.png","Toebehoren airkan/A40 - H40 - SR40 - CL40 - CM.svg","0","redrawn"
"Toebehoren airkan/A40 - H40 - SR40 - CL40 - CM_2.png","Toebehoren airkan/A40 - H40 - SR40 - CL40 - CM_2.svg","0","redrawn"
"Toebehoren airkan/A40 - H40 - SR40 - CL40 - CM_3.png","Toebehoren airkan/A40 - H40 - SR40 - CL40 - CM_3.svg","0","redrawn"
"Toebehoren airkan/A40.png","Toebehoren airkan/A40.svg","0","redrawn"
"Toebehoren airkan/E20 - H20 - H20L - SR - CL30 - CM_2.png","Toebehoren airkan/E20 - H20 - H20L - SR - CL30 - CM_2.svg","0","redrawn"
"Toebehoren airkan/E20.png","Toebehoren airkan/E20.svg","0","redrawn"
"Toebehoren airkan/E30.png","Toebehoren airkan/E30.svg","0","redrawn"
"Toebehoren airkan/HL20 - HL30 - MOUSSE - MH.png","Toebehoren airkan/HL20 - HL30 - MOUSSE - MH.svg","0","redrawn"
"Toebehoren airkan/HL20.png","Toebehoren airkan/HL20.svg","0","redrawn"
"Toebehoren airkan/IS235.png","Toebehoren airkan/IS235.svg","0","redrawn"
"Toebehoren airkan/ISR.png","Toebehoren airkan/ISR.svg","0","redrawn"
"Toebehoren airkan/ISR_2.png","Toebehoren airkan/ISR_2.svg","0","redrawn"
"Toebehoren airkan/Kaderprofiel voor inwendig geïsoleerde kanalen.png","Toebehoren airkan/Kaderprofiel voor inwendig geïsoleerde kanalen.svg","0","redrawn"
"Toebehoren airkan/L1 - Z1 - U1.png","Toebehoren airkan/L1 - Z1 - U1.svg","0","redrawn"
"Toebehoren airkan/L1.png","Toebehoren airkan/L1.svg","0","redrawn"
"Toebehoren airkan/Luchtdichte kaderprofielen.png","Toebehoren airkan/Luchtdichte kaderprofielen.svg","0","redrawn"
"Toebehoren airkan/Luchtdichte kaderprofielen_2.png","Toebehoren airkan/Luchtdichte kaderprofielen_2.svg","0","redrawn"
"Toebehoren airkan/OB - OBP - WK - FL.png","Toebehoren airkan/OB - OBP - WK - FL.svg","0","redrawn"
"Toebehoren airkan/OB - OBP - WK - FL_2.png","Toebehoren airkan/OB - OBP - WK - FL_2.svg","0","redrawn"
"Toebehoren airkan/UP - RU - DOP.png","Toebehoren airkan/UP - RU - DOP.svg","0","redrawn"
