source_pdf,page,code,png,status
aftakkingen rond D80-82.pdf,1,PSA,PSA.png,extracted
aftakkingen rond D80-82.pdf,2,APA,APA.png,extracted
aftakkingen rond D80-82.pdf,3,AP,AP.png,extracted
airkan compensators.pdf,1,SS,SS.png,extracted
airkan compensators.pdf,1,SL,SL.png,extracted
airkan compensators.pdf,1,SM,SM.png,extracted
airkan flenzen.pdf,1,F,F.png,extracted
airkan rechthoekig-aftakkingen-soepel verbindingen-premontage.pdf,1,P,P.png,extracted
airkan rechthoekig-aftakkingen-soepel verbindingen-premontage.pdf,1,P.BI,P.BI.png,extracted
airkan rechthoekig-aftakkingen-soepel verbindingen-premontage.pdf,1,P.45,P.45.png,extracted
airkan rechthoekig-aftakkingen-soepel verbindingen-premontage.pdf,2,Pre-montage,Pre-montage.png,extracted
airkan rechthoekig-aftakkingen-soepel verbindingen-premontage.pdf,2,Pre-montage,Pre-montage_2.png,extracted
airkan rechthoekig-aftakkingen-soepel verbindingen-premontage.pdf,2,Pre-montage,Pre-montage_3.png,extracted
airkan rechthoekig-aftakkingen-soepel verbindingen-premontage.pdf,2,Pre-montage,Pre-montage_4.png,extracted
airkan rechthoekig-aftakkingen-soepel verbindingen-premontage.pdf,3,SL,SL.png,extracted
airkan rechthoekig-aftakkingen-soepel verbindingen-premontage.pdf,3,SL.E20,SL.E20.png,extracted
airkan rechthoekig-aftakkingen-soepel verbindingen-premontage.pdf,3,SL.A20,SL.A20.png,extracted
airkan rechthoekig-aftakkingen-soepel verbindingen-premontage.pdf,3,SL.A40,SL.A40.png,extracted
airkan rechthoekige kanalen.pdf,6,Uitvoering_ hoge druk,Uitvoering_ hoge druk.png,extracted
airkan rechthoekige kanalen.pdf,7,Uitvoering in Nederland conform LUKA kwaliteit,Uitvoering in Nederland conform LUKA kwaliteit.png,extracted
airkan rechthoekige kanalen.pdf,11,BU,BU.png,extracted
airkan rechthoekige kanalen.pdf,12,B90,B90.png,extracted
airkan rechthoekige kanalen.pdf,13,Airturns,Airturns.png,extracted
airkan rechthoekige kanalen.pdf,14,Speciale bochten,Speciale bochten.png,extracted
airkan rechthoekige kanalen.pdf,14,VER,VER.png,extracted
airkan rechthoekige kanalen.pdf,15,Transfo,Transfo.png,extracted
airkan rechthoekige kanalen.pdf,15,R1,R1.png,extracted
airkan rechthoekige kanalen.pdf,15,RC1,RC1.png,extracted
airkan rechthoekige kanalen.pdf,15,R,R.png,extracted
airkan rechthoekige kanalen.pdf,15,RC,RC.png,extracted
airkan rechthoekige kanalen.pdf,15,R2,R2.png,extracted
airkan rechthoekige kanalen.pdf,15,RC2,RC2.png,extracted
airkan rechthoekige kanalen.pdf,16,T,T.png,extracted
airkan rechthoekige kanalen.pdf,16,T,T_2.png,extracted
airkan rechthoekige kanalen.pdf,16,T,T_3.png,extracted
airkan rechthoekige kanalen.pdf,17,VR,VR.png,extracted
airkan rechthoekige kanalen.pdf,17,VR,VR_2.png,extracted
airkan rechthoekige kanalen.pdf,17,VRA,VRA.png,extracted
airkan rechthoekige kanalen.pdf,18,S4,S4.png,extracted
airkan rechthoekige kanalen.pdf,18,BTR,BTR.png,extracted
airkan rechthoekige kanalen.pdf,18,S4,S4_2.png,extracted
airkan rechthoekige kanalen.pdf,18,BTR,BTR_2.png,extracted
airkan rechthoekige kanalen.pdf,18,K,K.png,extracted
airkan rechthoekige kanalen.pdf,19,B-G,B-G.png,extracted
airkan rechthoekige kanalen.pdf,19,B-B,B-B.png,extracted
airkan rechthoekige kanalen.pdf,19,G-VER,G-VER.png,extracted
airkan register dampers.pdf,1,airkan register dampers,airkan register dampers.png,extracted
Airkan roosters.pdf,1,GE60,GE60.png,extracted
Airkan roosters.pdf,1,GE60K,GE60K.png,extracted
Airkan roosters.pdf,2,GE60XL,GE60XL.png,extracted
airkan round spiral tubes.pdf,1,S,S.png,extracted
airkan round spiral tubes.pdf,1,SC2,SC2.png,extracted
airkan segmentbochten.pdf,1,B6X,B6X.png,extracted
airkan segmentbochten.pdf,1,BS9X,BS9X.png,extracted
airkan segmentbochten.pdf,1,BS4X,BS4X.png,extracted
airkan segmentbochten.pdf,1,B3X,B3X.png,extracted
airkan segmentbochten.pdf,1,B15X,B15X.png,extracted
airkan verbindingen buizen.pdf,1,V,V.png,extracted
airkan verbindingen buizen.pdf,1,VF,VF.png,extracted
airkan verbindingen buizen.pdf,1,VL,VL.png,extracted
airkan verbindingen buizen.pdf,1,VLB,VLB.png,extracted
airkan verbindingen buizen.pdf,1,VT,VT.png,extracted
Aitkan rond deksels en condens.pdf,1,D,D.png,extracted
Aitkan rond deksels en condens.pdf,1,DF,DF.png,extracted
Aitkan rond deksels en condens.pdf,1,DG,DG.png,extracted
Aitkan rond deksels en condens.pdf,1,DFG,DFG.png,extracted
dakdoorvoeren.pdf,1,K,K.png,extracted
dakdoorvoeren.pdf,1,KT,KT.png,extracted
dakdoorvoeren.pdf,1,KSL,KSL.png,extracted
dakdoorvoeren.pdf,1,KRS,KRS.png,extracted
dakdoorvoeren.pdf,2,DD,DD.png,extracted
dakdoorvoeren.pdf,2,DD15,DD15.png,extracted
dakdoorvoeren.pdf,2,DD30,DD30.png,extracted
dakdoorvoeren.pdf,2,DD45,DD45.png,extracted
dakdoorvoeren.pdf,2,DD60,DD60.png,extracted
rechthoekige aftakkingen op rond.pdf,1,PR,PR.png,extracted
rechthoekige aftakkingen op rond.pdf,1,PRA,PRA.png,extracted
rechthoekige aftakkingen op rond.pdf,1,PR - PRA,PR - PRA.png,extracted
Toebehoren airkan.pdf,1,IS235,IS235.png,extracted
Toebehoren airkan.pdf,2,ISR,ISR.png,extracted
Toebehoren airkan.pdf,2,ISR,ISR_2.png,extracted
Toebehoren airkan.pdf,5,L1,L1.png,extracted
Toebehoren airkan.pdf,5,L1 - Z1 - U1,L1 - Z1 - U1.png,extracted
Toebehoren airkan.pdf,6,UP - RU - DOP,UP - RU - DOP.png,extracted
Toebehoren airkan.pdf,7,OB - OBP - WK - FL,OB - OBP - WK - FL.png,extracted
Toebehoren airkan.pdf,7,OB - OBP - WK - FL,OB - OBP - WK - FL_2.png,extracted
Toebehoren airkan.pdf,17,Luchtdichte kaderprofielen,Luchtdichte kaderprofielen.png,extracted
Toebehoren airkan.pdf,17,Luchtdichte kaderprofielen,Luchtdichte kaderprofielen_2.png,extracted
Toebehoren airkan.pdf,18,E20,E20.png,extracted
Toebehoren airkan.pdf,18,E20 - H20 - H20L - SR - CL30 - CM,E20 - H20 - H20L - SR - CL30 - CM_2.png,extracted
Toebehoren airkan.pdf,19,E30,E30.png,extracted
Toebehoren airkan.pdf,20,A40,A40.png,extracted
Toebehoren airkan.pdf,20,A40 - H40 - SR40 - CL40 - CM,A40 - H40 - SR40 - CL40 - CM.png,extracted
Toebehoren airkan.pdf,20,A40 - H40 - SR40 - CL40 - CM,A40 - H40 - SR40 - CL40 - CM_2.png,extracted
Toebehoren airkan.pdf,20,A40 - H40 - SR40 - CL40 - CM,A40 - H40 - SR40 - CL40 - CM_3.png,extracted
Toebehoren airkan.pdf,21,Kaderprofiel voor inwendig geïsoleerde kanalen,Kaderprofiel voor inwendig geïsoleerde kanalen.png,extracted
Toebehoren airkan.pdf,22,A20,A20.png,extracted
Toebehoren airkan.pdf,22,A20 - H20 - SR - CL30 - CM - IS25,A20 - H20 - SR - CL30 - CM - IS25.png,extracted
Toebehoren airkan.pdf,22,A20 - H20 - SR - CL30 - CM - IS25,A20 - H20 - SR - CL30 - CM - IS25_2.png,extracted
Toebehoren airkan.pdf,22,A20 - H20 - SR - CL30 - CM - IS25,A20 - H20 - SR - CL30 - CM - IS25_3.png,extracted
Toebehoren airkan.pdf,22,A20 - H20 - SR - CL30 - CM - IS25,A20 - H20 - SR - CL30 - CM - IS25_4.png,extracted
Toebehoren airkan.pdf,22,A20 - H20 - SR - CL30 - CM - IS25,A20 - H20 - SR - CL30 - CM - IS25_5.png,extracted
Toebehoren airkan.pdf,23,A30,A30.png,extracted
Toebehoren airkan.pdf,23,A30 - H30 - SR - CL30 - CM - IS25,A30 - H30 - SR - CL30 - CM - IS25.png,extracted
Toebehoren airkan.pdf,24,HL20,HL20.png,extracted
Toebehoren airkan.pdf,24,HL20 - HL30 - MOUSSE - MH,HL20 - HL30 - MOUSSE - MH.png,extracted
