removed_png,kept_png,sha256
airkan aftakken rond rond\AP.png,aftakkingen rond D80-82\AP.png,e8e8b6b1e19fa29101fa118a5927692f74a2d2f37d6ad6529b30c5b1be4f8e96
airkan aftakken rond rond\APA.png,aftakkingen rond D80-82\APA.png,5522fa09b3fb98e7b212c2578c9dac2238bb2fde7030835da0f42663607a3729
airkan rechthoekige kanalen\P.45.png,airkan rechthoekig-aftakkingen-soepel verbindingen-premontage\P.45.png,626e2a51b28f89eebb479cb836c434b0fdd1daf284d29f42c5cb32db35f1308c
airkan rechthoekige kanalen\P.BI.png,airkan rechthoekig-aftakkingen-soepel verbindingen-premontage\P.BI.png,06fa4e0ccc0c6d56ee7d841a60b45cbe10aae66c34e9001146d2ce9b616e3f98
airkan rechthoekige kanalen\P.png,airkan rechthoekig-aftakkingen-soepel verbindingen-premontage\P.png,1223e0538033faa1ed53a11e36b0d5c8764a3614091ec94de4e3de2ad3e541bf
airkan rechthoekige kanalen\Pre-montage.png,airkan rechthoekig-aftakkingen-soepel verbindingen-premontage\Pre-montage.png,ed48422c0a33e0c8b7c80b7565b4c0bd3396f520783bdf653ad5c315ea56002a
airkan rechthoekige kanalen\Pre-montage_2.png,airkan rechthoekig-aftakkingen-soepel verbindingen-premontage\Pre-montage_2.png,c98f056ef95f4c2c21aaffa1b7365753f64aa96fde39fe36ecdd141865b04a82
airkan rechthoekige kanalen\Pre-montage_3.png,airkan rechthoekig-aftakkingen-soepel verbindingen-premontage\Pre-montage_3.png,ec47439e4819e9944ce4b0a55cb5b07e2bc19f3c6f44b0450e28fb2db7bad36d
airkan rechthoekige kanalen\Pre-montage_4.png,airkan rechthoekig-aftakkingen-soepel verbindingen-premontage\Pre-montage_4.png,70e626d9b8fa97c282f2b79b78ddbf2027641dedc734a84fed60b1466d841fe6
airkan rechthoekige kanalen\SL.A20.png,airkan rechthoekig-aftakkingen-soepel verbindingen-premontage\SL.A20.png,9b56d2afeeb52b2d86c491db5e9345cebdf833179c8da347bdb791bfd8c4800f
airkan rechthoekige kanalen\SL.A40.png,airkan rechthoekig-aftakkingen-soepel verbindingen-premontage\SL.A40.png,bbb5d4947e7df96509304e94768630d78ee618f3229a91ada976372afc946569
airkan rechthoekige kanalen\SL.E20.png,airkan rechthoekig-aftakkingen-soepel verbindingen-premontage\SL.E20.png,5c088071fc5664c19f764ad5509af1f6d54f653f2cf9202bdcaa1d1cafb24b2a
airkan rechthoekige kanalen\SL.png,airkan rechthoekig-aftakkingen-soepel verbindingen-premontage\SL.png,fe37a2c7f975a6cec7a086c92d8daee3f1674410417a993588b95c6ab5973193
airkan rechthoekige kanalen\Uitvoering_ lage druk.png,airkan rechthoekige kanalen\Uitvoering_ hoge druk.png,5e41304194c414c47823986eae4577f48aeae0541414f6522692e1113b2aa5c3
airkan rechthoekige kanalen\Uitvoering_ midden druk.png,airkan rechthoekige kanalen\Uitvoering_ hoge druk.png,5e41304194c414c47823986eae4577f48aeae0541414f6522692e1113b2aa5c3
Toebehoren airkan\A30 - H30 - SR - CL30 - CM - IS25_2.png,Toebehoren airkan\A20 - H20 - SR - CL30 - CM - IS25_2.png,76c6b552ac138a97115dbbc2ba6a8ff27cbea89e8ab1be1caf5ddc24a7f8902f
Toebehoren airkan\A30 - H30 - SR - CL30 - CM - IS25_3.png,Toebehoren airkan\A20 - H20 - SR - CL30 - CM - IS25_3.png,a1958b8c7d2290669381d7cd2096af9171198a149392cea0f02032f267689ea8
Toebehoren airkan\A30 - H30 - SR - CL30 - CM - IS25_4.png,Toebehoren airkan\A20 - H20 - SR - CL30 - CM - IS25_4.png,ffe1b5a4c0ff5690bbb4be618c9df031940190b69497e08655e5bc82007a4cb5
Toebehoren airkan\A30 - H30 - SR - CL30 - CM - IS25_5.png,Toebehoren airkan\A20 - H20 - SR - CL30 - CM - IS25_5.png,e822653ba99fe1b62c65a2cf8e46b8264ee530e8313fb04c940b18da00cade25
Toebehoren airkan\A40 - H40 - SR40 - CL40 - CM_4.png,Toebehoren airkan\A20 - H20 - SR - CL30 - CM - IS25_4.png,ffe1b5a4c0ff5690bbb4be618c9df031940190b69497e08655e5bc82007a4cb5
Toebehoren airkan\E20 - H20 - H20L - SR - CL30 - CM.png,Toebehoren airkan\A20 - H20 - SR - CL30 - CM - IS25.png,b1f6759554abf8bc1d8ea4a04b14999311532d78091de3484321e86779e51adc
Toebehoren airkan\E20 - H20 - H20L - SR - CL30 - CM_3.png,Toebehoren airkan\A20 - H20 - SR - CL30 - CM - IS25_2.png,76c6b552ac138a97115dbbc2ba6a8ff27cbea89e8ab1be1caf5ddc24a7f8902f
Toebehoren airkan\E20 - H20 - H20L - SR - CL30 - CM_4.png,Toebehoren airkan\A20 - H20 - SR - CL30 - CM - IS25_3.png,a1958b8c7d2290669381d7cd2096af9171198a149392cea0f02032f267689ea8
Toebehoren airkan\E20 - H20 - H20L - SR - CL30 - CM_5.png,Toebehoren airkan\A20 - H20 - SR - CL30 - CM - IS25_4.png,ffe1b5a4c0ff5690bbb4be618c9df031940190b69497e08655e5bc82007a4cb5
Toebehoren airkan\E30 - H30 - SR - CL30 - CM.png,Toebehoren airkan\A30 - H30 - SR - CL30 - CM - IS25.png,797ab1a4875aa1b067ab5f0f147cb2df97738d0bc9f9e968164a441d6865d67e
Toebehoren airkan\E30 - H30 - SR - CL30 - CM_2.png,Toebehoren airkan\A20 - H20 - SR - CL30 - CM - IS25_2.png,76c6b552ac138a97115dbbc2ba6a8ff27cbea89e8ab1be1caf5ddc24a7f8902f
Toebehoren airkan\E30 - H30 - SR - CL30 - CM_3.png,Toebehoren airkan\A20 - H20 - SR - CL30 - CM - IS25_3.png,a1958b8c7d2290669381d7cd2096af9171198a149392cea0f02032f267689ea8
Toebehoren airkan\E30 - H30 - SR - CL30 - CM_4.png,Toebehoren airkan\A20 - H20 - SR - CL30 - CM - IS25_4.png,ffe1b5a4c0ff5690bbb4be618c9df031940190b69497e08655e5bc82007a4cb5
